ID,HPMax,RES,ATK,MAG,DEF,AC,CRI,PEN,HIT,AVD
0,5,0.2,1,1,0.5,0,0.1666666667,0.1,0.3333333333,0.3333333333